,ClientIP,RequestCount
0,53.153.77.110,156
1,208.150.99.181,119
2,125.227.246.131,116
3,185.24.37.122,115
4,209.158.28.49,114
5,129.53.13.62,114
6,222.30.33.183,114
7,159.168.200.38,112
8,21.166.16.150,112
9,192.19.249.147,112
10,195.171.155.166,110
11,11.148.137.128,109
12,157.226.241.234,108
13,13.235.167.220,107
14,88.40.53.243,106
15,26.158.117.152,106
16,56.172.84.231,105
17,117.200.193.5,105
18,132.107.158.218,105
19,172.73.227.140,105
20,57.112.34.158,104
21,26.249.70.42,104
22,7.113.8.157,103
23,23.159.246.188,103
24,159.147.102.107,103
25,98.197.20.168,103
26,221.112.50.103,102
27,133.157.216.48,102
28,218.83.247.217,101
